esg,approx_acres,climate,soil_geom_unit_s,big_sage,mountain_sage,basin_sage,blackbrush,gambel_oak,pinion,juniper,aspen,ponderosa,greasewood,saltbush,shadscale,sacaton,c3_perennial_grass,c4_perennial_grass,forb,grass,shrub,tree,total_foliar
"Semiarid Warm - Sandy Uplands, Loamy Uplands",237605,Semiarid Warm,"Sandy Uplands, Loamy Uplands",8,1,2,0,2,1,2,0,0,1,0,0,0,15,4,8,28,19,5,51
Semiarid Warm - Clay Uplands,121994,Semiarid Warm,Clay Uplands,10,0,5,0,2,0,1,0,0,0,0,0,0,35,1,12,47,23,2,68
Semiarid Warm - Saline Uplands,113848,Semiarid Warm,Saline Uplands,10,1,0,0,0,0,0,0,0,3,1,1,2,12,4,6,20,17,0,40
Semiarid Warm - Finer Uplands,45590,Semiarid Warm,Finer Uplands,8,1,3,0,3,2,3,0,0,0,0,0,0,12,6,6,23,17,7,47
Semiarid Warm - Saline Hills,43606,Semiarid Warm,Saline Hills,6,1,0,0,0,0,0,0,0,1,1,1,0,11,2,5,14,14,0,32
"Semiarid Warm - Shallow, Deep Rocky",17155,Semiarid Warm,"Shallow, Deep Rocky",3,0,1,0,1,5,9,0,0,0,0,0,0,8,7,5,18,12,15,46
Semiarid Warm - Saline Bottoms,8204,Semiarid Warm,Saline Bottoms,3,2,0,0,0,0,1,0,0,7,3,1,3,11,8,11,23,19,1,50
Arid Warm - Breaks,7075,Arid Warm,Breaks,0,2,0,2,0,0,0,0,0,0,0,0,0,1,3,6,14,14,0,32
Semiarid Cool - Clay Uplands,5191,Semiarid Cool,Clay Uplands,4,0,18,0,0,0,0,1,0,0,0,0,0,42,1,23,46,38,1,77
Semiarid Cool - Breaks,4843,Semiarid Cool,Breaks,4,0,12,0,1,0,5,0,0,0,0,0,0,19,0,6,28,26,6,54
Semiarid Cool - Saline Hills,4818,Semiarid Cool,Saline Hills,7,1,1,0,0,0,0,0,0,0,0,1,0,14,0,7,14,16,0,34
Semiarid Cool - Deep Rocky,4785,Semiarid Cool,Deep Rocky,7,1,8,0,3,1,2,1,0,0,0,0,0,25,1,8,27,30,5,59
Semiarid Cool - Shallow,4172,Semiarid Cool,Shallow,4,1,7,0,3,0,1,1,0,0,0,0,0,26,0,10,29,27,5,56
Semiarid Warm - Gypsum,3305,Semiarid Warm,Gypsum,0,0,0,0,0,0,0,0,0,0,0,8,0,0,13,1,13,8,0,20
Arid Warm - Shallow,3239,Arid Warm,Shallow,1,0,0,2,0,0,1,0,0,0,0,1,2,2,9,4,14,8,2,28
"Semiarid Warm - Sandy Bottoms, Bottoms",3182,Semiarid Warm,"Sandy Bottoms, Bottoms",3,1,2,0,1,1,2,0,0,2,0,0,1,13,8,19,29,14,4,54
"Arid Warm - Finer Uplands, Clay Uplands",2468,Arid Warm,"Finer Uplands, Clay Uplands",4,0,0,0,0,0,0,0,0,1,0,0,4,5,12,7,23,10,0,37
Arid Warm - Deep Rocky,1764,Arid Warm,Deep Rocky,1,0,0,1,0,0,2,0,0,0,0,0,0,1,5,6,15,14,2,35
Arid Warm - Saline Uplands,873,Arid Warm,Saline Uplands,4,1,0,0,0,0,0,0,0,1,1,1,2,4,5,8,12,12,0,30
Arid Warm - Gypsum,824,Arid Warm,Gypsum,0,0,0,0,0,0,0,0,0,0,0,3,0,1,4,5,6,6,0,17
Semiarid Warm - Breaks,358,Semiarid Warm,Breaks,1,0,2,0,1,3,12,0,0,0,0,0,0,17,1,7,28,15,16,55
"Arid Warm - Sandy Uplands, Loamy Uplands",181,Arid Warm,"Sandy Uplands, Loamy Uplands",3,1,0,2,0,0,1,0,0,0,0,0,1,4,8,6,16,10,2,33
Semiarid Warm - Very Shallow,160,Semiarid Warm,Very Shallow,3,0,0,1,0,3,8,0,0,0,0,0,0,6,1,4,12,11,13,37
"Arid Warm - Saline Bottoms, Bottoms",132,Arid Warm,"Saline Bottoms, Bottoms",1,1,0,0,0,0,0,0,0,3,2,1,7,2,10,6,14,9,2,29
Semiarid Cool - Sandy Bottoms,113,NA,NA,NA,NA,NA,NA,NA,NA,NA,NA,NA,NA,NA,NA,NA,NA,NA,NA,NA,NA,NA,NA
"Semiarid Cool - Saline Uplands, Sandy Uplands, Loamy Uplands, Finer Uplands",109,Semiarid Cool,"Saline Uplands, Sandy Uplands, Loamy Uplands, Finer Uplands",14,1,4,0,3,0,0,0,0,0,0,0,0,29,0,9,31,29,3,58
Arid Warm - Very Shallow,77,Arid Warm,Very Shallow,1,0,0,3,0,1,4,0,0,0,0,1,0,2,2,2,8,10,5,25
Riparian,63,NA,NA,NA,NA,NA,NA,NA,NA,NA,NA,NA,NA,NA,NA,NA,NA,NA,NA,NA,NA,NA,NA
Arid Warm - Sandy Bottoms,44,Arid Warm,Sandy Bottoms,0,0,0,0,0,0,0,0,0,0,1,0,0,5,1,18,17,29,24,61
Arid Warm - Saline Hills,40,Arid Warm,Saline Hills,3,0,0,0,0,0,0,0,0,2,2,2,2,3,3,7,9,12,1,27
Semiarid Cool - Gypsum,6,NA,NA,NA,NA,NA,NA,NA,NA,NA,NA,NA,NA,NA,NA,NA,NA,NA,NA,NA,NA,NA,NA
Semiarid Cool - Saline Bottoms,2,Semiarid Cool,Saline Bottoms,8,1,0,0,0,0,0,0,0,11,5,0,0,13,0,1,13,29,0,41
